breed,weight_kg,coat_length,coat_texture,coat_structure,matting_severity,behaviour,service,groomer_experience_years,actual_duration_minutes
COCKER_SPANIEL,1.98,MEDIUM,WAVY,SINGLE,MILD,VERY_BAD,FULL_GROOM_AND_CLIP,8.9,187
COCKER_SPANIEL,20.71,SHORT,SILKY,SINGLE,SEVERE,BAD,BATH_AND_DRY,8.8,131
COCKER_SPANIEL,30.59,SHORT,ROUGH,DOUBLE,MODERATE,OKAY,FULL_GROOM_AND_HAND_STRIP,3.2,231
LABRADOR_RETRIEVER,4.77,MEDIUM,SILKY,DOUBLE,NONE,GOOD,FULL_GROOM_AND_CLIP,14.6,133
LABRADOR_RETRIEVER,4.07,MEDIUM,ROUGH,DOUBLE,MILD,VERY_BAD,FULL_GROOM_AND_CLIP,9.9,196
COCKER_SPANIEL,34.79,MEDIUM,CURLY,DOUBLE,MODERATE,BAD,TIDY_UP,5.3,117
LABRADOR_RETRIEVER,28.37,LONG,ROUGH,SINGLE,MILD,VERY_GOOD,FULL_GROOM_AND_HAND_STRIP,2.5,162
COCKER_SPANIEL,27.7,SHORT,WAVY,SINGLE,MODERATE,GOOD,TIDY_UP,1.0,146
LABRADOR_RETRIEVER,9.29,MEDIUM,WIRY,DOUBLE,MILD,OKAY,FULL_GROOM_AND_HAND_STRIP,3.7,189
LABRADOR_RETRIEVER,36.02,MEDIUM,CURLY,SINGLE,MILD,VERY_GOOD,BATH_AND_DRY,1.4,86
COCKER_SPANIEL,34.58,SHORT,ROUGH,SINGLE,SEVERE,VERY_GOOD,FULL_GROOM_AND_CLIP,5.8,176
LABRADOR_RETRIEVER,38.87,SHORT,ROUGH,SINGLE,MODERATE,OKAY,FULL_GROOM_AND_CLIP,4.4,165
COCKER_SPANIEL,18.7,LONG,ROUGH,DOUBLE,MILD,VERY_GOOD,FULL_GROOM_AND_CLIP,13.1,174
COCKER_SPANIEL,6.96,SHORT,SILKY,SINGLE,MODERATE,GOOD,FULL_GROOM_AND_CLIP,1.7,185
LABRADOR_RETRIEVER,35.27,MEDIUM,WAVY,SINGLE,MILD,VERY_GOOD,FULL_GROOM_AND_CLIP,1.3,154
COCKER_SPANIEL,6.01,MEDIUM,SILKY,SINGLE,MODERATE,VERY_GOOD,BATH_AND_DRY,14.5,85
COCKER_SPANIEL,28.81,MEDIUM,ROUGH,DOUBLE,SEVERE,VERY_GOOD,BATH_AND_DRY,1.8,147
COCKER_SPANIEL,23.95,SHORT,SMOOTH,SINGLE,MILD,VERY_BAD,FULL_GROOM_AND_CLIP,12.9,193
COCKER_SPANIEL,21.05,MEDIUM,ROUGH,DOUBLE,MILD,VERY_GOOD,FULL_GROOM_AND_HAND_STRIP,10.9,220
COCKER_SPANIEL,31.6,MEDIUM,WAVY,SINGLE,NONE,GOOD,TIDY_UP,6.4,82
LABRADOR_RETRIEVER,34.69,SHORT,ROUGH,SINGLE,NONE,GOOD,TIDY_UP,12.0,88
LABRADOR_RETRIEVER,6.47,SHORT,CURLY,DOUBLE,MILD,VERY_BAD,BATH_AND_DRY,12.1,116
COCKER_SPANIEL,2.97,LONG,SMOOTH,SINGLE,MILD,BAD,BATH_AND_DRY,7.3,98
COCKER_SPANIEL,7.42,SHORT,WIRY,DOUBLE,SEVERE,OKAY,BATH_AND_DRY,10.4,140
LABRADOR_RETRIEVER,7.04,MEDIUM,WAVY,SINGLE,NONE,OKAY,FULL_GROOM_AND_CLIP,0.8,117
COCKER_SPANIEL,3.22,LONG,SMOOTH,SINGLE,NONE,VERY_GOOD,FULL_GROOM_AND_CLIP,10.1,140
COCKER_SPANIEL,16.75,LONG,WAVY,SINGLE,NONE,GOOD,TIDY_UP,14.0,102
COCKER_SPANIEL,11.36,SHORT,ROUGH,DOUBLE,SEVERE,OKAY,FULL_GROOM_AND_CLIP,0.1,243
COCKER_SPANIEL,3.86,SHORT,SILKY,DOUBLE,MILD,OKAY,FULL_GROOM_AND_CLIP,13.2,149
LABRADOR_RETRIEVER,24.86,LONG,SILKY,SINGLE,MODERATE,VERY_BAD,FULL_GROOM_AND_HAND_STRIP,4.0,251
COCKER_SPANIEL,29.95,SHORT,CURLY,DOUBLE,MILD,OKAY,FULL_GROOM_AND_HAND_STRIP,10.3,216
LABRADOR_RETRIEVER,36.31,SHORT,SMOOTH,DOUBLE,MODERATE,VERY_BAD,FULL_GROOM_AND_CLIP,5.0,196
COCKER_SPANIEL,25.85,MEDIUM,WAVY,DOUBLE,SEVERE,VERY_GOOD,FULL_GROOM_AND_CLIP,1.7,237
COCKER_SPANIEL,22.28,MEDIUM,SILKY,SINGLE,SEVERE,BAD,FULL_GROOM_AND_CLIP,4.6,212
COCKER_SPANIEL,36.06,SHORT,ROUGH,SINGLE,NONE,OKAY,BATH_AND_DRY,14.6,80
COCKER_SPANIEL,34.72,SHORT,WIRY,SINGLE,MILD,OKAY,BATH_AND_DRY,12.0,56
COCKER_SPANIEL,11.41,LONG,SMOOTH,DOUBLE,NONE,GOOD,FULL_GROOM_AND_HAND_STRIP,3.0,212
COCKER_SPANIEL,9.69,LONG,WAVY,DOUBLE,MODERATE,OKAY,FULL_GROOM_AND_CLIP,14.5,188
LABRADOR_RETRIEVER,14.69,LONG,WIRY,DOUBLE,NONE,VERY_BAD,TIDY_UP,2.7,156
COCKER_SPANIEL,24.27,MEDIUM,ROUGH,DOUBLE,SEVERE,VERY_GOOD,FULL_GROOM_AND_CLIP,5.8,207
COCKER_SPANIEL,10.93,LONG,WIRY,SINGLE,MILD,OKAY,BATH_AND_DRY,1.0,103
LABRADOR_RETRIEVER,26.87,SHORT,ROUGH,DOUBLE,MODERATE,GOOD,TIDY_UP,6.0,103
LABRADOR_RETRIEVER,22.62,SHORT,WIRY,DOUBLE,MILD,VERY_GOOD,TIDY_UP,6.1,101
COCKER_SPANIEL,17.77,LONG,SILKY,DOUBLE,SEVERE,GOOD,BATH_AND_DRY,10.1,129
LABRADOR_RETRIEVER,31.96,LONG,WAVY,SINGLE,MODERATE,VERY_GOOD,TIDY_UP,1.4,135
LABRADOR_RETRIEVER,9.76,SHORT,WAVY,SINGLE,NONE,BAD,BATH_AND_DRY,9.2,62
COCKER_SPANIEL,18.76,LONG,SILKY,SINGLE,SEVERE,GOOD,BATH_AND_DRY,3.7,129
COCKER_SPANIEL,31.36,SHORT,WAVY,DOUBLE,NONE,VERY_GOOD,FULL_GROOM_AND_HAND_STRIP,13.8,184
COCKER_SPANIEL,18.8,MEDIUM,ROUGH,DOUBLE,SEVERE,VERY_GOOD,BATH_AND_DRY,12.5,99
LABRADOR_RETRIEVER,18.55,SHORT,ROUGH,DOUBLE,SEVERE,BAD,TIDY_UP,6.6,141
LABRADOR_RETRIEVER,10.15,MEDIUM,CURLY,SINGLE,MILD,BAD,FULL_GROOM_AND_HAND_STRIP,5.7,206
LABRADOR_RETRIEVER,16.9,LONG,WIRY,DOUBLE,NONE,BAD,BATH_AND_DRY,5.8,119
COCKER_SPANIEL,34.41,LONG,WIRY,DOUBLE,NONE,OKAY,TIDY_UP,11.3,152
LABRADOR_RETRIEVER,21.99,LONG,SILKY,SINGLE,SEVERE,BAD,TIDY_UP,6.5,125
COCKER_SPANIEL,16.17,LONG,ROUGH,DOUBLE,MILD,GOOD,FULL_GROOM_AND_HAND_STRIP,14.7,183
COCKER_SPANIEL,4.27,MEDIUM,WAVY,DOUBLE,MILD,VERY_BAD,TIDY_UP,5.7,128
COCKER_SPANIEL,18.73,MEDIUM,WIRY,DOUBLE,SEVERE,OKAY,FULL_GROOM_AND_CLIP,7.1,215
LABRADOR_RETRIEVER,9.74,SHORT,ROUGH,SINGLE,NONE,BAD,FULL_GROOM_AND_HAND_STRIP,12.6,170
COCKER_SPANIEL,10.3,MEDIUM,ROUGH,SINGLE,MILD,GOOD,TIDY_UP,11.5,110
COCKER_SPANIEL,31.33,SHORT,CURLY,SINGLE,NONE,OKAY,BATH_AND_DRY,5.9,98
COCKER_SPANIEL,3.96,LONG,ROUGH,SINGLE,NONE,OKAY,FULL_GROOM_AND_CLIP,11.9,151
LABRADOR_RETRIEVER,26.8,SHORT,SILKY,DOUBLE,NONE,GOOD,BATH_AND_DRY,1.6,78
LABRADOR_RETRIEVER,25.79,MEDIUM,ROUGH,SINGLE,SEVERE,BAD,TIDY_UP,9.2,173
LABRADOR_RETRIEVER,17.99,LONG,SILKY,DOUBLE,MODERATE,BAD,FULL_GROOM_AND_CLIP,4.2,197
LABRADOR_RETRIEVER,10.51,MEDIUM,SILKY,DOUBLE,MODERATE,VERY_BAD,BATH_AND_DRY,12.8,139
LABRADOR_RETRIEVER,14.27,LONG,ROUGH,DOUBLE,NONE,VERY_GOOD,FULL_GROOM_AND_HAND_STRIP,1.3,209
LABRADOR_RETRIEVER,20.05,SHORT,ROUGH,DOUBLE,SEVERE,GOOD,FULL_GROOM_AND_CLIP,1.4,209
LABRADOR_RETRIEVER,26.89,MEDIUM,WIRY,DOUBLE,SEVERE,VERY_GOOD,TIDY_UP,5.3,163
LABRADOR_RETRIEVER,11.57,MEDIUM,WAVY,SINGLE,MILD,OKAY,FULL_GROOM_AND_CLIP,11.1,172
COCKER_SPANIEL,9.44,MEDIUM,CURLY,DOUBLE,NONE,BAD,TIDY_UP,3.4,118
COCKER_SPANIEL,12.79,LONG,SILKY,SINGLE,MODERATE,VERY_BAD,FULL_GROOM_AND_CLIP,8.3,212
LABRADOR_RETRIEVER,5.0,SHORT,SILKY,DOUBLE,SEVERE,GOOD,BATH_AND_DRY,5.1,93
COCKER_SPANIEL,10.85,MEDIUM,SMOOTH,SINGLE,SEVERE,GOOD,FULL_GROOM_AND_CLIP,8.7,182
LABRADOR_RETRIEVER,4.32,SHORT,SMOOTH,DOUBLE,MILD,VERY_GOOD,BATH_AND_DRY,6.8,47
LABRADOR_RETRIEVER,12.6,LONG,WIRY,DOUBLE,NONE,VERY_GOOD,FULL_GROOM_AND_CLIP,14.2,163
COCKER_SPANIEL,7.13,SHORT,SILKY,SINGLE,MILD,VERY_BAD,BATH_AND_DRY,6.8,110
LABRADOR_RETRIEVER,12.36,SHORT,CURLY,DOUBLE,SEVERE,VERY_BAD,FULL_GROOM_AND_HAND_STRIP,13.9,260
COCKER_SPANIEL,17.58,LONG,WAVY,SINGLE,MODERATE,BAD,FULL_GROOM_AND_CLIP,0.9,195
LABRADOR_RETRIEVER,24.21,LONG,CURLY,DOUBLE,NONE,GOOD,TIDY_UP,10.5,127
LABRADOR_RETRIEVER,18.07,LONG,SMOOTH,DOUBLE,MODERATE,VERY_GOOD,TIDY_UP,0.4,124
COCKER_SPANIEL,38.51,LONG,SILKY,SINGLE,MODERATE,VERY_GOOD,FULL_GROOM_AND_CLIP,11.4,193
LABRADOR_RETRIEVER,36.73,SHORT,SILKY,DOUBLE,SEVERE,VERY_BAD,BATH_AND_DRY,5.2,171
LABRADOR_RETRIEVER,13.52,SHORT,WAVY,DOUBLE,SEVERE,GOOD,TIDY_UP,9.9,104
COCKER_SPANIEL,18.74,MEDIUM,CURLY,DOUBLE,NONE,GOOD,FULL_GROOM_AND_CLIP,9.9,180
LABRADOR_RETRIEVER,17.12,SHORT,SILKY,DOUBLE,SEVERE,GOOD,FULL_GROOM_AND_CLIP,3.1,157
LABRADOR_RETRIEVER,35.35,MEDIUM,SMOOTH,SINGLE,MILD,BAD,TIDY_UP,8.3,100
LABRADOR_RETRIEVER,4.64,SHORT,WIRY,SINGLE,MILD,GOOD,TIDY_UP,7.6,66
LABRADOR_RETRIEVER,10.51,LONG,WAVY,DOUBLE,MILD,VERY_GOOD,FULL_GROOM_AND_HAND_STRIP,13.0,223
LABRADOR_RETRIEVER,31.13,MEDIUM,CURLY,DOUBLE,NONE,OKAY,TIDY_UP,12.6,91
COCKER_SPANIEL,18.42,MEDIUM,CURLY,DOUBLE,SEVERE,GOOD,TIDY_UP,13.0,139
COCKER_SPANIEL,23.3,SHORT,WIRY,SINGLE,MODERATE,GOOD,BATH_AND_DRY,5.8,81
COCKER_SPANIEL,20.32,SHORT,WAVY,DOUBLE,NONE,GOOD,FULL_GROOM_AND_CLIP,7.9,131
LABRADOR_RETRIEVER,1.6,SHORT,WIRY,SINGLE,NONE,GOOD,TIDY_UP,5.1,52
LABRADOR_RETRIEVER,34.24,LONG,WIRY,DOUBLE,SEVERE,VERY_GOOD,FULL_GROOM_AND_CLIP,9.3,195
COCKER_SPANIEL,25.62,MEDIUM,WAVY,SINGLE,SEVERE,VERY_BAD,FULL_GROOM_AND_CLIP,6.7,219
COCKER_SPANIEL,13.65,SHORT,CURLY,DOUBLE,MODERATE,GOOD,FULL_GROOM_AND_HAND_STRIP,3.7,185
LABRADOR_RETRIEVER,23.07,SHORT,WAVY,SINGLE,NONE,VERY_GOOD,BATH_AND_DRY,9.3,52
COCKER_SPANIEL,10.06,LONG,CURLY,DOUBLE,MODERATE,VERY_BAD,BATH_AND_DRY,13.5,193
COCKER_SPANIEL,3.88,MEDIUM,SILKY,DOUBLE,SEVERE,OKAY,BATH_AND_DRY,12.7,130
LABRADOR_RETRIEVER,5.16,MEDIUM,SILKY,DOUBLE,MODERATE,OKAY,FULL_GROOM_AND_CLIP,14.7,189
LABRADOR_RETRIEVER,11.7,LONG,ROUGH,SINGLE,SEVERE,OKAY,FULL_GROOM_AND_HAND_STRIP,9.1,217
LABRADOR_RETRIEVER,27.43,LONG,ROUGH,SINGLE,NONE,VERY_BAD,TIDY_UP,11.8,147
COCKER_SPANIEL,23.6,LONG,WAVY,SINGLE,MODERATE,OKAY,BATH_AND_DRY,2.6,133
LABRADOR_RETRIEVER,21.7,MEDIUM,WAVY,DOUBLE,SEVERE,OKAY,TIDY_UP,12.1,159
LABRADOR_RETRIEVER,38.55,SHORT,WAVY,DOUBLE,MODERATE,VERY_BAD,BATH_AND_DRY,0.2,134
LABRADOR_RETRIEVER,23.8,LONG,CURLY,SINGLE,MILD,GOOD,FULL_GROOM_AND_CLIP,9.3,161
LABRADOR_RETRIEVER,36.69,SHORT,ROUGH,SINGLE,SEVERE,OKAY,BATH_AND_DRY,1.8,129
LABRADOR_RETRIEVER,5.53,SHORT,SILKY,SINGLE,SEVERE,GOOD,TIDY_UP,10.1,106
LABRADOR_RETRIEVER,23.91,LONG,WAVY,DOUBLE,NONE,GOOD,BATH_AND_DRY,14.1,86
COCKER_SPANIEL,18.29,SHORT,CURLY,SINGLE,MODERATE,VERY_GOOD,TIDY_UP,0.9,138
LABRADOR_RETRIEVER,8.4,SHORT,WIRY,SINGLE,MILD,VERY_GOOD,FULL_GROOM_AND_CLIP,0.8,122
COCKER_SPANIEL,3.68,LONG,WAVY,SINGLE,MILD,OKAY,FULL_GROOM_AND_HAND_STRIP,11.8,229
COCKER_SPANIEL,11.81,SHORT,WAVY,DOUBLE,MILD,VERY_BAD,FULL_GROOM_AND_CLIP,2.0,188
LABRADOR_RETRIEVER,1.62,MEDIUM,SMOOTH,SINGLE,SEVERE,VERY_GOOD,FULL_GROOM_AND_CLIP,11.2,181
LABRADOR_RETRIEVER,18.48,MEDIUM,SILKY,SINGLE,SEVERE,VERY_GOOD,FULL_GROOM_AND_HAND_STRIP,14.2,230
LABRADOR_RETRIEVER,18.86,SHORT,SMOOTH,DOUBLE,SEVERE,GOOD,FULL_GROOM_AND_CLIP,7.4,187
LABRADOR_RETRIEVER,3.87,SHORT,CURLY,SINGLE,NONE,BAD,TIDY_UP,9.4,60
LABRADOR_RETRIEVER,39.79,LONG,CURLY,DOUBLE,SEVERE,VERY_BAD,FULL_GROOM_AND_CLIP,12.8,243
COCKER_SPANIEL,17.77,SHORT,WIRY,DOUBLE,SEVERE,GOOD,BATH_AND_DRY,10.9,120
LABRADOR_RETRIEVER,15.6,SHORT,ROUGH,DOUBLE,NONE,VERY_BAD,FULL_GROOM_AND_CLIP,1.4,202
COCKER_SPANIEL,30.04,MEDIUM,WAVY,SINGLE,MODERATE,VERY_BAD,BATH_AND_DRY,5.3,127
COCKER_SPANIEL,38.77,LONG,CURLY,DOUBLE,NONE,VERY_GOOD,FULL_GROOM_AND_HAND_STRIP,2.3,193
LABRADOR_RETRIEVER,9.75,SHORT,CURLY,DOUBLE,NONE,OKAY,FULL_GROOM_AND_HAND_STRIP,12.1,198
COCKER_SPANIEL,24.75,LONG,ROUGH,DOUBLE,NONE,BAD,TIDY_UP,10.5,106
LABRADOR_RETRIEVER,36.94,MEDIUM,SMOOTH,SINGLE,MILD,VERY_GOOD,BATH_AND_DRY,1.0,78
COCKER_SPANIEL,30.1,SHORT,WIRY,DOUBLE,SEVERE,OKAY,FULL_GROOM_AND_HAND_STRIP,5.6,205
LABRADOR_RETRIEVER,31.3,LONG,SILKY,SINGLE,NONE,BAD,FULL_GROOM_AND_HAND_STRIP,11.3,211
LABRADOR_RETRIEVER,26.82,MEDIUM,SILKY,DOUBLE,SEVERE,OKAY,FULL_GROOM_AND_HAND_STRIP,11.3,237
COCKER_SPANIEL,14.46,SHORT,CURLY,DOUBLE,MODERATE,VERY_BAD,FULL_GROOM_AND_HAND_STRIP,5.9,243
LABRADOR_RETRIEVER,37.87,SHORT,CURLY,DOUBLE,MODERATE,VERY_BAD,FULL_GROOM_AND_CLIP,7.5,214
LABRADOR_RETRIEVER,7.85,MEDIUM,SILKY,SINGLE,MODERATE,VERY_BAD,BATH_AND_DRY,12.9,118
COCKER_SPANIEL,34.62,LONG,WIRY,DOUBLE,SEVERE,OKAY,FULL_GROOM_AND_CLIP,6.1,236
LABRADOR_RETRIEVER,7.7,LONG,WIRY,DOUBLE,NONE,GOOD,FULL_GROOM_AND_CLIP,3.6,149
LABRADOR_RETRIEVER,34.95,LONG,CURLY,SINGLE,MODERATE,BAD,FULL_GROOM_AND_CLIP,7.7,195
COCKER_SPANIEL,21.69,SHORT,CURLY,DOUBLE,MILD,BAD,FULL_GROOM_AND_CLIP,2.2,202
COCKER_SPANIEL,7.91,LONG,WIRY,DOUBLE,SEVERE,VERY_GOOD,TIDY_UP,13.0,169
LABRADOR_RETRIEVER,6.89,SHORT,WIRY,DOUBLE,MODERATE,OKAY,FULL_GROOM_AND_CLIP,5.3,185
COCKER_SPANIEL,3.22,MEDIUM,SMOOTH,SINGLE,SEVERE,GOOD,FULL_GROOM_AND_CLIP,6.7,183
COCKER_SPANIEL,13.54,MEDIUM,SILKY,SINGLE,NONE,GOOD,FULL_GROOM_AND_CLIP,12.2,167
COCKER_SPANIEL,20.68,SHORT,SMOOTH,SINGLE,SEVERE,GOOD,FULL_GROOM_AND_HAND_STRIP,5.5,174
LABRADOR_RETRIEVER,16.11,MEDIUM,ROUGH,SINGLE,MODERATE,VERY_BAD,TIDY_UP,1.4,145
COCKER_SPANIEL,14.0,LONG,ROUGH,SINGLE,MODERATE,OKAY,BATH_AND_DRY,1.9,114
COCKER_SPANIEL,13.07,MEDIUM,ROUGH,DOUBLE,MILD,VERY_GOOD,FULL_GROOM_AND_CLIP,9.7,157
LABRADOR_RETRIEVER,13.05,SHORT,CURLY,DOUBLE,MILD,BAD,FULL_GROOM_AND_HAND_STRIP,2.3,217
LABRADOR_RETRIEVER,33.93,SHORT,SILKY,SINGLE,MODERATE,VERY_GOOD,FULL_GROOM_AND_HAND_STRIP,9.0,190
COCKER_SPANIEL,29.13,SHORT,WIRY,DOUBLE,MILD,GOOD,TIDY_UP,11.3,118
LABRADOR_RETRIEVER,10.13,SHORT,CURLY,DOUBLE,MILD,OKAY,BATH_AND_DRY,6.9,82
LABRADOR_RETRIEVER,38.68,SHORT,SILKY,SINGLE,MODERATE,VERY_BAD,BATH_AND_DRY,13.1,134
COCKER_SPANIEL,28.74,LONG,SMOOTH,DOUBLE,NONE,BAD,TIDY_UP,6.7,102
COCKER_SPANIEL,37.91,SHORT,WIRY,DOUBLE,NONE,GOOD,FULL_GROOM_AND_CLIP,5.9,163
LABRADOR_RETRIEVER,10.2,SHORT,CURLY,SINGLE,NONE,OKAY,FULL_GROOM_AND_CLIP,12.6,119
COCKER_SPANIEL,2.49,MEDIUM,ROUGH,SINGLE,SEVERE,GOOD,FULL_GROOM_AND_CLIP,13.6,164
COCKER_SPANIEL,10.98,SHORT,SILKY,DOUBLE,NONE,OKAY,FULL_GROOM_AND_HAND_STRIP,4.5,205
LABRADOR_RETRIEVER,3.45,MEDIUM,SILKY,SINGLE,MILD,BAD,TIDY_UP,6.4,100
LABRADOR_RETRIEVER,10.38,MEDIUM,WAVY,SINGLE,MODERATE,VERY_BAD,FULL_GROOM_AND_CLIP,5.9,174
LABRADOR_RETRIEVER,10.89,SHORT,CURLY,SINGLE,MODERATE,BAD,FULL_GROOM_AND_CLIP,11.6,179
LABRADOR_RETRIEVER,6.2,MEDIUM,SILKY,DOUBLE,MILD,GOOD,BATH_AND_DRY,9.5,82
LABRADOR_RETRIEVER,2.44,SHORT,SMOOTH,SINGLE,NONE,OKAY,TIDY_UP,7.7,50
LABRADOR_RETRIEVER,10.88,LONG,WAVY,DOUBLE,MODERATE,VERY_BAD,TIDY_UP,4.1,170
LABRADOR_RETRIEVER,29.99,MEDIUM,CURLY,SINGLE,SEVERE,GOOD,TIDY_UP,13.9,115
LABRADOR_RETRIEVER,32.24,LONG,WIRY,SINGLE,SEVERE,VERY_GOOD,FULL_GROOM_AND_HAND_STRIP,8.2,227
LABRADOR_RETRIEVER,12.95,LONG,ROUGH,DOUBLE,MILD,GOOD,TIDY_UP,6.7,121
LABRADOR_RETRIEVER,24.98,MEDIUM,CURLY,SINGLE,NONE,GOOD,TIDY_UP,7.7,85
COCKER_SPANIEL,6.57,LONG,ROUGH,DOUBLE,NONE,BAD,FULL_GROOM_AND_CLIP,3.5,186
LABRADOR_RETRIEVER,15.12,LONG,SMOOTH,SINGLE,SEVERE,OKAY,TIDY_UP,6.7,137
LABRADOR_RETRIEVER,16.52,LONG,CURLY,SINGLE,NONE,VERY_BAD,FULL_GROOM_AND_HAND_STRIP,7.5,219
LABRADOR_RETRIEVER,36.63,SHORT,CURLY,DOUBLE,SEVERE,BAD,TIDY_UP,10.4,170
COCKER_SPANIEL,34.26,MEDIUM,WAVY,DOUBLE,NONE,OKAY,TIDY_UP,10.6,115
LABRADOR_RETRIEVER,35.76,SHORT,ROUGH,SINGLE,MODERATE,VERY_GOOD,FULL_GROOM_AND_HAND_STRIP,1.8,202
LABRADOR_RETRIEVER,2.03,LONG,SILKY,DOUBLE,SEVERE,VERY_GOOD,FULL_GROOM_AND_HAND_STRIP,9.2,228
COCKER_SPANIEL,3.56,MEDIUM,ROUGH,DOUBLE,SEVERE,GOOD,FULL_GROOM_AND_CLIP,1.9,208
LABRADOR_RETRIEVER,27.52,MEDIUM,WAVY,SINGLE,MILD,GOOD,FULL_GROOM_AND_CLIP,12.5,155
COCKER_SPANIEL,12.86,SHORT,CURLY,SINGLE,MODERATE,VERY_GOOD,TIDY_UP,12.7,100
LABRADOR_RETRIEVER,5.88,MEDIUM,SILKY,SINGLE,MILD,VERY_GOOD,FULL_GROOM_AND_HAND_STRIP,2.6,191
LABRADOR_RETRIEVER,33.86,LONG,SMOOTH,SINGLE,NONE,VERY_BAD,TIDY_UP,9.8,127
COCKER_SPANIEL,20.42,LONG,SILKY,DOUBLE,MODERATE,GOOD,FULL_GROOM_AND_HAND_STRIP,12.1,215
LABRADOR_RETRIEVER,12.6,SHORT,ROUGH,SINGLE,MILD,GOOD,BATH_AND_DRY,7.3,71
LABRADOR_RETRIEVER,34.6,MEDIUM,ROUGH,DOUBLE,SEVERE,BAD,TIDY_UP,7.7,190
COCKER_SPANIEL,13.45,MEDIUM,SMOOTH,DOUBLE,SEVERE,BAD,FULL_GROOM_AND_HAND_STRIP,1.5,256
LABRADOR_RETRIEVER,10.68,SHORT,CURLY,DOUBLE,MILD,BAD,BATH_AND_DRY,14.9,114
LABRADOR_RETRIEVER,20.45,MEDIUM,WIRY,SINGLE,NONE,GOOD,BATH_AND_DRY,14.5,73
COCKER_SPANIEL,11.97,LONG,ROUGH,DOUBLE,MODERATE,VERY_GOOD,FULL_GROOM_AND_CLIP,12.7,209
LABRADOR_RETRIEVER,6.22,MEDIUM,ROUGH,DOUBLE,SEVERE,OKAY,FULL_GROOM_AND_CLIP,6.0,191
LABRADOR_RETRIEVER,3.87,LONG,WIRY,DOUBLE,NONE,BAD,FULL_GROOM_AND_CLIP,5.9,171
LABRADOR_RETRIEVER,22.76,MEDIUM,WAVY,SINGLE,SEVERE,VERY_GOOD,FULL_GROOM_AND_CLIP,0.7,204
LABRADOR_RETRIEVER,21.25,SHORT,SILKY,SINGLE,MODERATE,VERY_GOOD,TIDY_UP,2.4,105
LABRADOR_RETRIEVER,24.16,LONG,SILKY,DOUBLE,MODERATE,GOOD,FULL_GROOM_AND_CLIP,5.5,171
LABRADOR_RETRIEVER,32.07,LONG,ROUGH,SINGLE,SEVERE,OKAY,FULL_GROOM_AND_HAND_STRIP,10.8,203
LABRADOR_RETRIEVER,7.65,LONG,ROUGH,DOUBLE,MILD,BAD,FULL_GROOM_AND_CLIP,8.6,187
LABRADOR_RETRIEVER,13.23,SHORT,WIRY,SINGLE,SEVERE,VERY_GOOD,BATH_AND_DRY,13.1,86
COCKER_SPANIEL,28.53,LONG,WAVY,DOUBLE,SEVERE,VERY_GOOD,BATH_AND_DRY,4.7,160
LABRADOR_RETRIEVER,22.3,LONG,ROUGH,DOUBLE,SEVERE,BAD,FULL_GROOM_AND_HAND_STRIP,4.2,299
LABRADOR_RETRIEVER,9.77,MEDIUM,CURLY,SINGLE,SEVERE,OKAY,BATH_AND_DRY,5.2,134
LABRADOR_RETRIEVER,12.22,LONG,ROUGH,DOUBLE,SEVERE,OKAY,FULL_GROOM_AND_HAND_STRIP,4.4,239
LABRADOR_RETRIEVER,38.26,SHORT,CURLY,DOUBLE,MODERATE,GOOD,FULL_GROOM_AND_HAND_STRIP,3.0,181
LABRADOR_RETRIEVER,6.35,LONG,ROUGH,SINGLE,MILD,VERY_BAD,FULL_GROOM_AND_HAND_STRIP,9.6,212
COCKER_SPANIEL,4.91,MEDIUM,ROUGH,DOUBLE,NONE,BAD,FULL_GROOM_AND_CLIP,14.5,184
LABRADOR_RETRIEVER,19.62,SHORT,CURLY,DOUBLE,MODERATE,VERY_BAD,FULL_GROOM_AND_CLIP,9.8,204
COCKER_SPANIEL,21.87,LONG,SMOOTH,SINGLE,SEVERE,BAD,FULL_GROOM_AND_CLIP,15.0,206
LABRADOR_RETRIEVER,35.19,SHORT,CURLY,SINGLE,MODERATE,OKAY,BATH_AND_DRY,14.8,106
LABRADOR_RETRIEVER,35.68,SHORT,SILKY,DOUBLE,MODERATE,BAD,FULL_GROOM_AND_CLIP,5.0,197
COCKER_SPANIEL,1.55,MEDIUM,CURLY,SINGLE,MILD,VERY_GOOD,BATH_AND_DRY,12.4,48
LABRADOR_RETRIEVER,4.38,LONG,SMOOTH,SINGLE,MILD,GOOD,TIDY_UP,14.0,95
LABRADOR_RETRIEVER,30.4,MEDIUM,CURLY,SINGLE,MODERATE,OKAY,FULL_GROOM_AND_HAND_STRIP,0.9,226
COCKER_SPANIEL,19.15,SHORT,WIRY,DOUBLE,NONE,OKAY,TIDY_UP,9.2,102
COCKER_SPANIEL,18.74,LONG,CURLY,DOUBLE,SEVERE,VERY_GOOD,FULL_GROOM_AND_HAND_STRIP,11.4,253
COCKER_SPANIEL,21.49,LONG,ROUGH,DOUBLE,NONE,VERY_GOOD,FULL_GROOM_AND_CLIP,0.9,173
COCKER_SPANIEL,7.42,LONG,WIRY,SINGLE,MILD,VERY_GOOD,BATH_AND_DRY,1.4,90
LABRADOR_RETRIEVER,32.54,MEDIUM,WAVY,DOUBLE,SEVERE,VERY_GOOD,FULL_GROOM_AND_CLIP,8.4,194
COCKER_SPANIEL,16.44,SHORT,ROUGH,SINGLE,NONE,VERY_BAD,BATH_AND_DRY,5.2,89
COCKER_SPANIEL,22.11,SHORT,SMOOTH,DOUBLE,NONE,OKAY,BATH_AND_DRY,2.7,99
LABRADOR_RETRIEVER,15.6,MEDIUM,WIRY,DOUBLE,SEVERE,VERY_BAD,FULL_GROOM_AND_HAND_STRIP,9.8,281
LABRADOR_RETRIEVER,5.63,LONG,WIRY,SINGLE,MILD,VERY_BAD,FULL_GROOM_AND_CLIP,14.7,167
LABRADOR_RETRIEVER,21.75,SHORT,WAVY,DOUBLE,MODERATE,BAD,TIDY_UP,2.8,141
COCKER_SPANIEL,2.26,LONG,WIRY,SINGLE,MILD,BAD,FULL_GROOM_AND_CLIP,1.5,210
COCKER_SPANIEL,10.54,SHORT,WIRY,DOUBLE,MILD,VERY_GOOD,FULL_GROOM_AND_HAND_STRIP,11.3,194
COCKER_SPANIEL,6.47,MEDIUM,WAVY,DOUBLE,MODERATE,BAD,TIDY_UP,13.1,158
LABRADOR_RETRIEVER,12.72,SHORT,SILKY,SINGLE,SEVERE,VERY_GOOD,BATH_AND_DRY,0.7,103
LABRADOR_RETRIEVER,37.72,LONG,WIRY,DOUBLE,SEVERE,GOOD,FULL_GROOM_AND_HAND_STRIP,4.5,263
COCKER_SPANIEL,34.12,MEDIUM,ROUGH,SINGLE,SEVERE,VERY_BAD,BATH_AND_DRY,14.5,182
COCKER_SPANIEL,16.15,MEDIUM,WAVY,DOUBLE,NONE,GOOD,TIDY_UP,1.4,108
LABRADOR_RETRIEVER,15.71,LONG,SILKY,SINGLE,NONE,BAD,FULL_GROOM_AND_HAND_STRIP,7.2,185
LABRADOR_RETRIEVER,12.82,SHORT,WAVY,SINGLE,NONE,GOOD,FULL_GROOM_AND_HAND_STRIP,10.4,151
COCKER_SPANIEL,22.53,MEDIUM,WIRY,DOUBLE,MODERATE,OKAY,TIDY_UP,5.4,126
LABRADOR_RETRIEVER,19.17,LONG,WIRY,DOUBLE,MILD,OKAY,TIDY_UP,6.2,110
COCKER_SPANIEL,1.63,LONG,SILKY,DOUBLE,MODERATE,BAD,FULL_GROOM_AND_HAND_STRIP,4.9,236
LABRADOR_RETRIEVER,23.22,SHORT,WIRY,DOUBLE,MODERATE,GOOD,BATH_AND_DRY,6.9,98
COCKER_SPANIEL,29.09,MEDIUM,WAVY,SINGLE,NONE,VERY_BAD,FULL_GROOM_AND_CLIP,11.5,171
LABRADOR_RETRIEVER,6.36,LONG,WAVY,SINGLE,MILD,VERY_BAD,FULL_GROOM_AND_HAND_STRIP,7.6,200
LABRADOR_RETRIEVER,26.71,SHORT,SMOOTH,DOUBLE,NONE,VERY_BAD,TIDY_UP,8.0,130
LABRADOR_RETRIEVER,1.67,LONG,ROUGH,DOUBLE,MILD,VERY_BAD,FULL_GROOM_AND_CLIP,7.9,201
LABRADOR_RETRIEVER,32.79,MEDIUM,WIRY,SINGLE,MODERATE,GOOD,BATH_AND_DRY,8.5,121
COCKER_SPANIEL,12.7,SHORT,ROUGH,SINGLE,NONE,GOOD,BATH_AND_DRY,5.7,44
COCKER_SPANIEL,4.22,MEDIUM,ROUGH,DOUBLE,NONE,VERY_GOOD,FULL_GROOM_AND_CLIP,3.4,158
LABRADOR_RETRIEVER,11.57,SHORT,ROUGH,DOUBLE,NONE,BAD,TIDY_UP,0.2,122
LABRADOR_RETRIEVER,37.23,MEDIUM,WAVY,SINGLE,SEVERE,VERY_GOOD,TIDY_UP,5.8,133
COCKER_SPANIEL,31.83,LONG,ROUGH,SINGLE,MODERATE,VERY_BAD,FULL_GROOM_AND_CLIP,6.6,237
LABRADOR_RETRIEVER,38.79,MEDIUM,SMOOTH,DOUBLE,SEVERE,GOOD,FULL_GROOM_AND_HAND_STRIP,5.3,218
LABRADOR_RETRIEVER,17.84,LONG,SILKY,DOUBLE,NONE,VERY_GOOD,TIDY_UP,12.0,94
COCKER_SPANIEL,15.82,LONG,WAVY,DOUBLE,MODERATE,OKAY,FULL_GROOM_AND_CLIP,1.4,204
LABRADOR_RETRIEVER,18.34,MEDIUM,SMOOTH,SINGLE,NONE,BAD,BATH_AND_DRY,6.7,61
COCKER_SPANIEL,4.5,LONG,SMOOTH,DOUBLE,SEVERE,VERY_BAD,TIDY_UP,6.2,170
COCKER_SPANIEL,29.27,LONG,WAVY,SINGLE,SEVERE,BAD,FULL_GROOM_AND_HAND_STRIP,4.0,259
COCKER_SPANIEL,17.95,MEDIUM,CURLY,DOUBLE,NONE,OKAY,TIDY_UP,14.2,118
LABRADOR_RETRIEVER,24.16,SHORT,WIRY,SINGLE,MILD,OKAY,FULL_GROOM_AND_CLIP,14.2,140
LABRADOR_RETRIEVER,18.17,MEDIUM,ROUGH,SINGLE,MODERATE,OKAY,FULL_GROOM_AND_HAND_STRIP,7.2,218
COCKER_SPANIEL,38.62,MEDIUM,CURLY,DOUBLE,MILD,OKAY,BATH_AND_DRY,4.2,123
COCKER_SPANIEL,24.1,LONG,WAVY,SINGLE,SEVERE,BAD,BATH_AND_DRY,12.0,136
COCKER_SPANIEL,32.94,MEDIUM,ROUGH,DOUBLE,MILD,OKAY,FULL_GROOM_AND_HAND_STRIP,3.8,234
LABRADOR_RETRIEVER,3.88,LONG,WIRY,DOUBLE,SEVERE,VERY_GOOD,FULL_GROOM_AND_CLIP,11.9,208
LABRADOR_RETRIEVER,28.36,LONG,SILKY,SINGLE,NONE,BAD,TIDY_UP,2.5,100
LABRADOR_RETRIEVER,38.71,MEDIUM,WIRY,SINGLE,NONE,VERY_BAD,TIDY_UP,3.3,117
COCKER_SPANIEL,18.39,MEDIUM,WIRY,SINGLE,MODERATE,VERY_BAD,BATH_AND_DRY,1.6,112
COCKER_SPANIEL,33.42,LONG,WAVY,DOUBLE,MODERATE,OKAY,BATH_AND_DRY,11.8,154
LABRADOR_RETRIEVER,14.58,SHORT,WIRY,DOUBLE,MODERATE,VERY_BAD,TIDY_UP,0.7,159
LABRADOR_RETRIEVER,26.27,LONG,WAVY,SINGLE,MILD,VERY_GOOD,FULL_GROOM_AND_HAND_STRIP,5.0,187
LABRADOR_RETRIEVER,38.38,SHORT,WIRY,SINGLE,MILD,GOOD,BATH_AND_DRY,0.4,83
LABRADOR_RETRIEVER,16.16,LONG,WAVY,SINGLE,MODERATE,VERY_BAD,FULL_GROOM_AND_CLIP,12.0,198
COCKER_SPANIEL,15.27,SHORT,WIRY,SINGLE,MODERATE,GOOD,TIDY_UP,9.0,90
LABRADOR_RETRIEVER,14.73,MEDIUM,SILKY,SINGLE,MODERATE,VERY_GOOD,FULL_GROOM_AND_CLIP,10.1,142
LABRADOR_RETRIEVER,5.6,MEDIUM,SMOOTH,SINGLE,MODERATE,BAD,BATH_AND_DRY,6.3,105
COCKER_SPANIEL,19.98,LONG,ROUGH,SINGLE,MILD,GOOD,TIDY_UP,2.1,126
LABRADOR_RETRIEVER,33.84,LONG,SMOOTH,DOUBLE,NONE,GOOD,FULL_GROOM_AND_HAND_STRIP,2.9,186
LABRADOR_RETRIEVER,16.96,MEDIUM,WIRY,DOUBLE,SEVERE,BAD,FULL_GROOM_AND_CLIP,8.5,233
COCKER_SPANIEL,12.39,MEDIUM,WAVY,DOUBLE,MILD,GOOD,BATH_AND_DRY,8.2,101
LABRADOR_RETRIEVER,22.14,SHORT,ROUGH,DOUBLE,MILD,GOOD,FULL_GROOM_AND_CLIP,11.0,165
COCKER_SPANIEL,12.61,SHORT,WIRY,DOUBLE,MODERATE,VERY_BAD,BATH_AND_DRY,13.0,160
COCKER_SPANIEL,32.62,LONG,ROUGH,DOUBLE,SEVERE,BAD,FULL_GROOM_AND_HAND_STRIP,11.8,298
COCKER_SPANIEL,32.41,LONG,CURLY,DOUBLE,MILD,OKAY,TIDY_UP,4.3,142
COCKER_SPANIEL,6.29,MEDIUM,SMOOTH,DOUBLE,MILD,BAD,FULL_GROOM_AND_HAND_STRIP,2.2,244
LABRADOR_RETRIEVER,33.31,LONG,WIRY,DOUBLE,MILD,VERY_GOOD,TIDY_UP,9.4,116
COCKER_SPANIEL,16.71,LONG,CURLY,DOUBLE,SEVERE,GOOD,TIDY_UP,8.7,164
COCKER_SPANIEL,29.51,MEDIUM,ROUGH,DOUBLE,NONE,VERY_GOOD,BATH_AND_DRY,3.3,86
LABRADOR_RETRIEVER,13.59,MEDIUM,CURLY,SINGLE,SEVERE,OKAY,FULL_GROOM_AND_CLIP,0.7,209
LABRADOR_RETRIEVER,1.63,SHORT,WIRY,DOUBLE,NONE,GOOD,FULL_GROOM_AND_HAND_STRIP,14.9,191
LABRADOR_RETRIEVER,7.2,MEDIUM,SMOOTH,DOUBLE,MODERATE,VERY_BAD,TIDY_UP,10.0,123
COCKER_SPANIEL,3.02,LONG,CURLY,SINGLE,SEVERE,VERY_BAD,FULL_GROOM_AND_CLIP,0.0,237
COCKER_SPANIEL,21.26,MEDIUM,SMOOTH,SINGLE,MODERATE,VERY_BAD,BATH_AND_DRY,10.4,131
LABRADOR_RETRIEVER,3.76,MEDIUM,SMOOTH,SINGLE,NONE,OKAY,TIDY_UP,13.2,82
COCKER_SPANIEL,26.02,LONG,WAVY,SINGLE,NONE,VERY_GOOD,FULL_GROOM_AND_HAND_STRIP,6.6,205
COCKER_SPANIEL,25.5,SHORT,WIRY,DOUBLE,MILD,VERY_BAD,FULL_GROOM_AND_CLIP,2.1,227
LABRADOR_RETRIEVER,38.57,MEDIUM,WAVY,SINGLE,MODERATE,VERY_BAD,FULL_GROOM_AND_HAND_STRIP,8.3,252
LABRADOR_RETRIEVER,31.38,LONG,SMOOTH,DOUBLE,MILD,VERY_GOOD,FULL_GROOM_AND_HAND_STRIP,11.2,199
COCKER_SPANIEL,20.3,SHORT,WAVY,DOUBLE,NONE,VERY_GOOD,FULL_GROOM_AND_CLIP,14.8,155
LABRADOR_RETRIEVER,6.15,LONG,WIRY,DOUBLE,MILD,GOOD,FULL_GROOM_AND_CLIP,0.3,196
COCKER_SPANIEL,36.98,MEDIUM,SILKY,DOUBLE,SEVERE,GOOD,BATH_AND_DRY,1.2,155
COCKER_SPANIEL,11.82,MEDIUM,SMOOTH,SINGLE,MILD,VERY_GOOD,TIDY_UP,5.9,66
COCKER_SPANIEL,13.1,MEDIUM,ROUGH,SINGLE,NONE,BAD,FULL_GROOM_AND_CLIP,13.9,149
COCKER_SPANIEL,18.68,LONG,SMOOTH,DOUBLE,MILD,VERY_BAD,FULL_GROOM_AND_CLIP,10.6,207
LABRADOR_RETRIEVER,21.4,LONG,CURLY,SINGLE,MODERATE,BAD,TIDY_UP,11.0,131
COCKER_SPANIEL,31.09,SHORT,CURLY,DOUBLE,MODERATE,VERY_GOOD,FULL_GROOM_AND_CLIP,3.9,211
LABRADOR_RETRIEVER,18.75,MEDIUM,SMOOTH,DOUBLE,MILD,OKAY,FULL_GROOM_AND_HAND_STRIP,3.8,192
COCKER_SPANIEL,35.88,LONG,ROUGH,SINGLE,MILD,VERY_GOOD,FULL_GROOM_AND_CLIP,0.7,197
LABRADOR_RETRIEVER,15.2,SHORT,WAVY,SINGLE,SEVERE,BAD,TIDY_UP,3.7,126
LABRADOR_RETRIEVER,11.58,SHORT,SILKY,DOUBLE,NONE,VERY_GOOD,FULL_GROOM_AND_CLIP,2.7,154
LABRADOR_RETRIEVER,3.69,MEDIUM,CURLY,DOUBLE,MODERATE,VERY_BAD,BATH_AND_DRY,0.1,105
COCKER_SPANIEL,12.37,MEDIUM,ROUGH,SINGLE,SEVERE,OKAY,BATH_AND_DRY,15.0,129
COCKER_SPANIEL,6.87,MEDIUM,SMOOTH,SINGLE,MODERATE,VERY_BAD,TIDY_UP,0.0,126
LABRADOR_RETRIEVER,34.11,LONG,CURLY,SINGLE,MILD,VERY_GOOD,FULL_GROOM_AND_HAND_STRIP,6.3,234
COCKER_SPANIEL,28.75,SHORT,SMOOTH,SINGLE,SEVERE,OKAY,BATH_AND_DRY,14.6,100
COCKER_SPANIEL,23.65,LONG,WAVY,DOUBLE,NONE,VERY_GOOD,FULL_GROOM_AND_CLIP,6.5,181
LABRADOR_RETRIEVER,34.19,MEDIUM,ROUGH,DOUBLE,MODERATE,GOOD,TIDY_UP,3.5,133
COCKER_SPANIEL,6.31,LONG,SMOOTH,SINGLE,NONE,BAD,BATH_AND_DRY,7.0,75
COCKER_SPANIEL,18.62,MEDIUM,CURLY,SINGLE,NONE,BAD,TIDY_UP,12.4,120
COCKER_SPANIEL,9.39,MEDIUM,WAVY,SINGLE,MILD,OKAY,BATH_AND_DRY,7.7,75
COCKER_SPANIEL,2.21,MEDIUM,WIRY,SINGLE,NONE,GOOD,FULL_GROOM_AND_CLIP,12.1,130
COCKER_SPANIEL,5.74,SHORT,WAVY,SINGLE,MILD,GOOD,TIDY_UP,10.3,86
LABRADOR_RETRIEVER,36.78,SHORT,SMOOTH,SINGLE,MILD,GOOD,FULL_GROOM_AND_HAND_STRIP,1.4,178
LABRADOR_RETRIEVER,5.78,MEDIUM,SMOOTH,SINGLE,SEVERE,GOOD,BATH_AND_DRY,0.4,106
COCKER_SPANIEL,36.42,MEDIUM,CURLY,DOUBLE,MILD,VERY_BAD,FULL_GROOM_AND_HAND_STRIP,9.7,242
LABRADOR_RETRIEVER,17.07,LONG,WIRY,SINGLE,NONE,OKAY,BATH_AND_DRY,2.1,95
COCKER_SPANIEL,25.6,LONG,SMOOTH,DOUBLE,MODERATE,GOOD,BATH_AND_DRY,5.2,150
LABRADOR_RETRIEVER,16.15,SHORT,SMOOTH,DOUBLE,MILD,VERY_BAD,TIDY_UP,0.9,153
COCKER_SPANIEL,38.99,SHORT,WAVY,SINGLE,MODERATE,VERY_GOOD,FULL_GROOM_AND_CLIP,11.5,164
COCKER_SPANIEL,23.45,MEDIUM,CURLY,SINGLE,MILD,BAD,TIDY_UP,12.1,114
COCKER_SPANIEL,28.43,MEDIUM,SILKY,SINGLE,MILD,GOOD,TIDY_UP,2.6,74
COCKER_SPANIEL,4.52,SHORT,SILKY,SINGLE,NONE,VERY_GOOD,BATH_AND_DRY,0.0,69
COCKER_SPANIEL,14.29,SHORT,CURLY,SINGLE,NONE,BAD,FULL_GROOM_AND_HAND_STRIP,11.6,185
LABRADOR_RETRIEVER,38.46,MEDIUM,ROUGH,DOUBLE,NONE,OKAY,TIDY_UP,4.8,139
LABRADOR_RETRIEVER,31.88,MEDIUM,ROUGH,DOUBLE,MILD,VERY_GOOD,TIDY_UP,3.3,111
COCKER_SPANIEL,15.76,LONG,ROUGH,DOUBLE,MILD,BAD,FULL_GROOM_AND_CLIP,14.2,219
COCKER_SPANIEL,8.1,MEDIUM,SILKY,SINGLE,NONE,GOOD,FULL_GROOM_AND_HAND_STRIP,5.0,170
COCKER_SPANIEL,10.28,MEDIUM,WAVY,SINGLE,MODERATE,GOOD,FULL_GROOM_AND_CLIP,4.0,175
LABRADOR_RETRIEVER,31.69,LONG,SMOOTH,SINGLE,SEVERE,GOOD,BATH_AND_DRY,14.5,126
LABRADOR_RETRIEVER,20.23,MEDIUM,CURLY,DOUBLE,NONE,GOOD,FULL_GROOM_AND_HAND_STRIP,2.4,221
LABRADOR_RETRIEVER,1.78,MEDIUM,SMOOTH,SINGLE,MODERATE,BAD,BATH_AND_DRY,2.4,108
COCKER_SPANIEL,22.33,SHORT,CURLY,DOUBLE,NONE,GOOD,FULL_GROOM_AND_HAND_STRIP,9.1,185
LABRADOR_RETRIEVER,9.02,SHORT,WIRY,DOUBLE,MODERATE,OKAY,FULL_GROOM_AND_HAND_STRIP,1.4,212
LABRADOR_RETRIEVER,23.3,MEDIUM,WAVY,SINGLE,MODERATE,VERY_BAD,BATH_AND_DRY,1.3,144
LABRADOR_RETRIEVER,8.79,SHORT,WAVY,SINGLE,MODERATE,VERY_BAD,BATH_AND_DRY,12.7,86
LABRADOR_RETRIEVER,31.61,MEDIUM,WIRY,DOUBLE,NONE,VERY_GOOD,BATH_AND_DRY,2.8,101
LABRADOR_RETRIEVER,2.74,MEDIUM,WIRY,DOUBLE,MILD,OKAY,FULL_GROOM_AND_CLIP,2.3,156
COCKER_SPANIEL,4.34,MEDIUM,SILKY,DOUBLE,MILD,VERY_GOOD,FULL_GROOM_AND_CLIP,12.6,162
LABRADOR_RETRIEVER,23.34,SHORT,WIRY,DOUBLE,NONE,GOOD,FULL_GROOM_AND_CLIP,7.5,136
COCKER_SPANIEL,5.69,MEDIUM,WAVY,SINGLE,MILD,BAD,FULL_GROOM_AND_HAND_STRIP,0.6,235
COCKER_SPANIEL,39.89,LONG,WAVY,DOUBLE,MODERATE,VERY_BAD,FULL_GROOM_AND_CLIP,5.8,251
LABRADOR_RETRIEVER,22.53,MEDIUM,SILKY,DOUBLE,NONE,VERY_GOOD,BATH_AND_DRY,1.7,96
COCKER_SPANIEL,37.07,LONG,SMOOTH,DOUBLE,MODERATE,GOOD,TIDY_UP,5.7,156
LABRADOR_RETRIEVER,23.31,MEDIUM,SMOOTH,SINGLE,MODERATE,GOOD,FULL_GROOM_AND_HAND_STRIP,9.3,184
LABRADOR_RETRIEVER,35.69,MEDIUM,ROUGH,SINGLE,NONE,GOOD,TIDY_UP,13.5,76
COCKER_SPANIEL,14.18,MEDIUM,CURLY,DOUBLE,SEVERE,VERY_BAD,FULL_GROOM_AND_HAND_STRIP,2.0,301
LABRADOR_RETRIEVER,11.51,MEDIUM,SILKY,SINGLE,MILD,GOOD,FULL_GROOM_AND_HAND_STRIP,13.7,172
LABRADOR_RETRIEVER,29.9,LONG,CURLY,SINGLE,MILD,VERY_BAD,TIDY_UP,10.6,119
COCKER_SPANIEL,7.78,SHORT,SMOOTH,SINGLE,NONE,GOOD,FULL_GROOM_AND_CLIP,13.8,140
COCKER_SPANIEL,11.69,MEDIUM,SILKY,DOUBLE,NONE,VERY_BAD,FULL_GROOM_AND_HAND_STRIP,5.6,217
LABRADOR_RETRIEVER,23.89,MEDIUM,CURLY,SINGLE,MODERATE,VERY_BAD,TIDY_UP,0.4,155
COCKER_SPANIEL,7.35,LONG,WAVY,SINGLE,MILD,BAD,TIDY_UP,9.8,90
COCKER_SPANIEL,19.49,SHORT,ROUGH,SINGLE,NONE,BAD,TIDY_UP,9.1,97
LABRADOR_RETRIEVER,28.8,LONG,ROUGH,DOUBLE,SEVERE,GOOD,TIDY_UP,6.9,158
LABRADOR_RETRIEVER,23.79,SHORT,SILKY,DOUBLE,MODERATE,OKAY,FULL_GROOM_AND_CLIP,7.2,187
LABRADOR_RETRIEVER,39.55,LONG,CURLY,DOUBLE,MODERATE,OKAY,FULL_GROOM_AND_HAND_STRIP,2.2,243
LABRADOR_RETRIEVER,26.76,LONG,WAVY,SINGLE,SEVERE,OKAY,TIDY_UP,13.6,108
LABRADOR_RETRIEVER,16.14,SHORT,SILKY,SINGLE,MODERATE,BAD,BATH_AND_DRY,13.6,87
COCKER_SPANIEL,33.78,LONG,WAVY,DOUBLE,NONE,GOOD,FULL_GROOM_AND_HAND_STRIP,11.1,194
COCKER_SPANIEL,37.93,MEDIUM,ROUGH,SINGLE,MILD,OKAY,FULL_GROOM_AND_HAND_STRIP,11.2,196
LABRADOR_RETRIEVER,15.5,LONG,CURLY,DOUBLE,NONE,GOOD,FULL_GROOM_AND_CLIP,13.0,190
COCKER_SPANIEL,19.42,SHORT,SILKY,SINGLE,SEVERE,VERY_GOOD,TIDY_UP,6.2,121
COCKER_SPANIEL,14.36,LONG,WIRY,SINGLE,MODERATE,BAD,FULL_GROOM_AND_CLIP,7.3,199
COCKER_SPANIEL,13.22,SHORT,SMOOTH,DOUBLE,MODERATE,BAD,FULL_GROOM_AND_HAND_STRIP,8.6,234
COCKER_SPANIEL,6.05,MEDIUM,ROUGH,DOUBLE,SEVERE,GOOD,BATH_AND_DRY,5.7,152
COCKER_SPANIEL,21.82,LONG,CURLY,SINGLE,MODERATE,VERY_GOOD,FULL_GROOM_AND_HAND_STRIP,0.3,254
COCKER_SPANIEL,28.05,MEDIUM,CURLY,SINGLE,NONE,GOOD,TIDY_UP,2.5,101
COCKER_SPANIEL,12.63,MEDIUM,WIRY,DOUBLE,SEVERE,BAD,TIDY_UP,14.9,145
COCKER_SPANIEL,37.98,MEDIUM,SMOOTH,SINGLE,MILD,BAD,FULL_GROOM_AND_HAND_STRIP,11.0,212
COCKER_SPANIEL,5.8,LONG,ROUGH,SINGLE,SEVERE,OKAY,FULL_GROOM_AND_CLIP,8.9,212
COCKER_SPANIEL,2.88,SHORT,WIRY,DOUBLE,SEVERE,VERY_BAD,TIDY_UP,7.1,167
COCKER_SPANIEL,9.01,LONG,ROUGH,SINGLE,MODERATE,GOOD,FULL_GROOM_AND_CLIP,9.9,177
COCKER_SPANIEL,17.33,SHORT,SILKY,SINGLE,MODERATE,VERY_BAD,FULL_GROOM_AND_CLIP,7.5,215
COCKER_SPANIEL,31.34,LONG,WAVY,DOUBLE,SEVERE,OKAY,FULL_GROOM_AND_HAND_STRIP,0.6,265
LABRADOR_RETRIEVER,13.89,SHORT,SMOOTH,SINGLE,NONE,VERY_GOOD,BATH_AND_DRY,2.2,45
COCKER_SPANIEL,31.4,SHORT,ROUGH,SINGLE,MODERATE,BAD,BATH_AND_DRY,14.8,115
COCKER_SPANIEL,32.71,SHORT,CURLY,DOUBLE,MODERATE,GOOD,FULL_GROOM_AND_CLIP,1.4,216
COCKER_SPANIEL,1.38,SHORT,ROUGH,SINGLE,MODERATE,OKAY,BATH_AND_DRY,14.3,82
LABRADOR_RETRIEVER,32.78,SHORT,SMOOTH,DOUBLE,SEVERE,GOOD,TIDY_UP,12.5,154
LABRADOR_RETRIEVER,32.2,LONG,WAVY,SINGLE,MILD,VERY_BAD,FULL_GROOM_AND_HAND_STRIP,1.6,255
LABRADOR_RETRIEVER,8.07,MEDIUM,CURLY,SINGLE,MILD,GOOD,BATH_AND_DRY,1.7,71
LABRADOR_RETRIEVER,18.19,SHORT,CURLY,DOUBLE,NONE,VERY_GOOD,FULL_GROOM_AND_HAND_STRIP,14.7,163
COCKER_SPANIEL,17.88,LONG,WAVY,DOUBLE,MODERATE,GOOD,FULL_GROOM_AND_HAND_STRIP,12.6,213
COCKER_SPANIEL,1.45,SHORT,SILKY,DOUBLE,SEVERE,BAD,FULL_GROOM_AND_CLIP,11.3,199
LABRADOR_RETRIEVER,2.96,SHORT,SILKY,DOUBLE,SEVERE,BAD,FULL_GROOM_AND_CLIP,6.9,207
LABRADOR_RETRIEVER,4.43,MEDIUM,WIRY,DOUBLE,NONE,GOOD,FULL_GROOM_AND_CLIP,1.5,139
COCKER_SPANIEL,33.21,LONG,SILKY,DOUBLE,MILD,GOOD,TIDY_UP,5.5,140
COCKER_SPANIEL,32.85,MEDIUM,CURLY,DOUBLE,MODERATE,GOOD,FULL_GROOM_AND_CLIP,1.5,209
LABRADOR_RETRIEVER,33.37,MEDIUM,SILKY,DOUBLE,NONE,VERY_BAD,FULL_GROOM_AND_HAND_STRIP,7.4,224
LABRADOR_RETRIEVER,5.17,LONG,WAVY,SINGLE,NONE,GOOD,FULL_GROOM_AND_HAND_STRIP,6.9,175
COCKER_SPANIEL,30.53,SHORT,ROUGH,SINGLE,SEVERE,GOOD,FULL_GROOM_AND_HAND_STRIP,14.5,202
COCKER_SPANIEL,21.68,SHORT,SILKY,DOUBLE,SEVERE,VERY_GOOD,FULL_GROOM_AND_HAND_STRIP,10.4,238
COCKER_SPANIEL,16.11,LONG,SILKY,DOUBLE,SEVERE,GOOD,FULL_GROOM_AND_HAND_STRIP,4.1,274
LABRADOR_RETRIEVER,38.85,MEDIUM,WAVY,SINGLE,SEVERE,VERY_GOOD,TIDY_UP,12.6,113
COCKER_SPANIEL,8.83,LONG,ROUGH,DOUBLE,MODERATE,BAD,FULL_GROOM_AND_HAND_STRIP,7.6,241
LABRADOR_RETRIEVER,28.7,MEDIUM,SILKY,DOUBLE,SEVERE,VERY_GOOD,TIDY_UP,13.2,133
COCKER_SPANIEL,1.99,SHORT,SMOOTH,SINGLE,MILD,OKAY,FULL_GROOM_AND_HAND_STRIP,14.8,166
LABRADOR_RETRIEVER,6.71,SHORT,ROUGH,DOUBLE,MILD,VERY_GOOD,FULL_GROOM_AND_CLIP,5.4,125
COCKER_SPANIEL,29.95,LONG,WIRY,SINGLE,MODERATE,VERY_BAD,BATH_AND_DRY,5.8,156
LABRADOR_RETRIEVER,38.67,SHORT,SMOOTH,DOUBLE,MILD,VERY_GOOD,BATH_AND_DRY,12.4,95
LABRADOR_RETRIEVER,30.45,LONG,ROUGH,SINGLE,MILD,OKAY,BATH_AND_DRY,2.7,93
COCKER_SPANIEL,8.29,SHORT,ROUGH,SINGLE,SEVERE,VERY_BAD,BATH_AND_DRY,4.2,144
LABRADOR_RETRIEVER,1.22,MEDIUM,ROUGH,SINGLE,NONE,BAD,TIDY_UP,9.0,99
LABRADOR_RETRIEVER,20.13,LONG,SILKY,DOUBLE,NONE,OKAY,FULL_GROOM_AND_HAND_STRIP,14.4,174
COCKER_SPANIEL,17.22,LONG,WIRY,SINGLE,MODERATE,BAD,FULL_GROOM_AND_HAND_STRIP,10.0,232
LABRADOR_RETRIEVER,15.07,SHORT,SILKY,DOUBLE,NONE,VERY_BAD,TIDY_UP,6.7,132
COCKER_SPANIEL,38.4,LONG,CURLY,DOUBLE,NONE,GOOD,TIDY_UP,8.1,113
LABRADOR_RETRIEVER,1.96,LONG,CURLY,DOUBLE,SEVERE,VERY_BAD,TIDY_UP,13.5,181
COCKER_SPANIEL,7.53,LONG,SILKY,SINGLE,NONE,BAD,FULL_GROOM_AND_HAND_STRIP,13.0,217
LABRADOR_RETRIEVER,33.59,SHORT,SILKY,DOUBLE,NONE,BAD,FULL_GROOM_AND_CLIP,6.9,167
COCKER_SPANIEL,7.94,MEDIUM,SILKY,SINGLE,MILD,OKAY,BATH_AND_DRY,5.8,86
LABRADOR_RETRIEVER,17.89,SHORT,WIRY,SINGLE,NONE,VERY_GOOD,FULL_GROOM_AND_CLIP,11.3,105
COCKER_SPANIEL,14.95,LONG,SMOOTH,DOUBLE,MODERATE,VERY_GOOD,FULL_GROOM_AND_CLIP,4.2,178
LABRADOR_RETRIEVER,15.88,LONG,SMOOTH,DOUBLE,MILD,VERY_GOOD,FULL_GROOM_AND_HAND_STRIP,2.0,179
LABRADOR_RETRIEVER,38.45,SHORT,CURLY,DOUBLE,NONE,VERY_GOOD,FULL_GROOM_AND_HAND_STRIP,1.8,207
COCKER_SPANIEL,23.34,MEDIUM,SILKY,SINGLE,MODERATE,BAD,TIDY_UP,3.2,164
COCKER_SPANIEL,7.28,SHORT,SILKY,DOUBLE,MILD,VERY_BAD,FULL_GROOM_AND_HAND_STRIP,10.1,204
COCKER_SPANIEL,34.2,LONG,WIRY,SINGLE,MODERATE,VERY_BAD,TIDY_UP,1.5,177
LABRADOR_RETRIEVER,14.93,LONG,ROUGH,SINGLE,NONE,OKAY,FULL_GROOM_AND_CLIP,13.5,138
LABRADOR_RETRIEVER,19.95,MEDIUM,SILKY,DOUBLE,MILD,VERY_GOOD,TIDY_UP,12.1,104
LABRADOR_RETRIEVER,10.6,SHORT,ROUGH,DOUBLE,MODERATE,OKAY,FULL_GROOM_AND_HAND_STRIP,10.2,203
LABRADOR_RETRIEVER,35.24,MEDIUM,WIRY,DOUBLE,MODERATE,GOOD,FULL_GROOM_AND_CLIP,2.6,172
COCKER_SPANIEL,35.76,SHORT,CURLY,SINGLE,NONE,VERY_BAD,FULL_GROOM_AND_CLIP,12.2,167
LABRADOR_RETRIEVER,31.0,SHORT,SMOOTH,DOUBLE,SEVERE,BAD,TIDY_UP,5.9,166
LABRADOR_RETRIEVER,6.22,LONG,SILKY,SINGLE,SEVERE,OKAY,FULL_GROOM_AND_CLIP,9.9,177
COCKER_SPANIEL,30.53,SHORT,WIRY,SINGLE,MILD,VERY_GOOD,FULL_GROOM_AND_HAND_STRIP,11.0,171
COCKER_SPANIEL,30.7,SHORT,SMOOTH,DOUBLE,MODERATE,BAD,FULL_GROOM_AND_CLIP,10.0,201
LABRADOR_RETRIEVER,16.14,MEDIUM,SMOOTH,SINGLE,MODERATE,VERY_BAD,TIDY_UP,12.5,128
COCKER_SPANIEL,15.69,MEDIUM,CURLY,SINGLE,MODERATE,GOOD,FULL_GROOM_AND_HAND_STRIP,7.7,224
LABRADOR_RETRIEVER,32.87,MEDIUM,WIRY,DOUBLE,NONE,VERY_GOOD,FULL_GROOM_AND_HAND_STRIP,6.6,192
LABRADOR_RETRIEVER,9.25,SHORT,WAVY,DOUBLE,NONE,BAD,BATH_AND_DRY,12.2,98
COCKER_SPANIEL,19.78,MEDIUM,WIRY,SINGLE,MILD,GOOD,FULL_GROOM_AND_CLIP,3.7,179
COCKER_SPANIEL,25.55,SHORT,SILKY,SINGLE,NONE,BAD,TIDY_UP,13.8,114
LABRADOR_RETRIEVER,24.37,LONG,ROUGH,SINGLE,MODERATE,VERY_BAD,FULL_GROOM_AND_HAND_STRIP,6.7,275
COCKER_SPANIEL,9.56,MEDIUM,SILKY,SINGLE,MILD,VERY_GOOD,TIDY_UP,2.5,89
LABRADOR_RETRIEVER,36.97,LONG,SILKY,SINGLE,MILD,GOOD,BATH_AND_DRY,2.0,118
LABRADOR_RETRIEVER,33.23,LONG,SMOOTH,SINGLE,SEVERE,VERY_GOOD,FULL_GROOM_AND_CLIP,13.2,192
COCKER_SPANIEL,4.63,LONG,WAVY,SINGLE,SEVERE,VERY_GOOD,BATH_AND_DRY,5.6,128
COCKER_SPANIEL,37.6,MEDIUM,WIRY,DOUBLE,NONE,GOOD,FULL_GROOM_AND_HAND_STRIP,3.8,215
COCKER_SPANIEL,36.49,SHORT,CURLY,DOUBLE,MODERATE,BAD,FULL_GROOM_AND_CLIP,10.6,215
COCKER_SPANIEL,21.27,MEDIUM,ROUGH,SINGLE,MODERATE,GOOD,TIDY_UP,1.6,111
LABRADOR_RETRIEVER,26.41,MEDIUM,CURLY,DOUBLE,MODERATE,VERY_GOOD,TIDY_UP,14.9,112
LABRADOR_RETRIEVER,7.97,LONG,SILKY,DOUBLE,MODERATE,OKAY,TIDY_UP,11.6,131
LABRADOR_RETRIEVER,29.7,LONG,SMOOTH,SINGLE,SEVERE,BAD,FULL_GROOM_AND_CLIP,3.2,204
COCKER_SPANIEL,7.27,LONG,SMOOTH,SINGLE,MILD,GOOD,BATH_AND_DRY,1.3,98
LABRADOR_RETRIEVER,9.65,SHORT,SILKY,SINGLE,SEVERE,GOOD,TIDY_UP,10.7,75
COCKER_SPANIEL,25.97,MEDIUM,SMOOTH,SINGLE,MODERATE,BAD,FULL_GROOM_AND_CLIP,11.8,169
COCKER_SPANIEL,24.99,LONG,SMOOTH,DOUBLE,MILD,VERY_BAD,FULL_GROOM_AND_HAND_STRIP,1.3,253
LABRADOR_RETRIEVER,16.81,SHORT,SILKY,SINGLE,NONE,VERY_BAD,TIDY_UP,10.9,115
LABRADOR_RETRIEVER,14.55,MEDIUM,WAVY,SINGLE,SEVERE,GOOD,FULL_GROOM_AND_CLIP,3.9,179
COCKER_SPANIEL,20.62,MEDIUM,SMOOTH,DOUBLE,MODERATE,GOOD,BATH_AND_DRY,8.4,114
COCKER_SPANIEL,30.54,MEDIUM,ROUGH,DOUBLE,NONE,GOOD,FULL_GROOM_AND_CLIP,3.9,160
COCKER_SPANIEL,27.4,SHORT,CURLY,DOUBLE,MODERATE,VERY_GOOD,FULL_GROOM_AND_CLIP,10.5,198
LABRADOR_RETRIEVER,10.68,SHORT,WIRY,DOUBLE,NONE,VERY_GOOD,FULL_GROOM_AND_HAND_STRIP,7.1,151
LABRADOR_RETRIEVER,8.13,LONG,ROUGH,SINGLE,SEVERE,BAD,FULL_GROOM_AND_HAND_STRIP,11.0,265
LABRADOR_RETRIEVER,9.06,SHORT,WAVY,DOUBLE,MILD,VERY_BAD,FULL_GROOM_AND_CLIP,13.8,170
COCKER_SPANIEL,30.81,LONG,SMOOTH,DOUBLE,MODERATE,VERY_GOOD,TIDY_UP,7.4,115
LABRADOR_RETRIEVER,20.14,LONG,CURLY,DOUBLE,MILD,VERY_GOOD,FULL_GROOM_AND_HAND_STRIP,0.8,225
COCKER_SPANIEL,20.6,MEDIUM,ROUGH,SINGLE,SEVERE,VERY_BAD,BATH_AND_DRY,4.7,149
COCKER_SPANIEL,1.46,SHORT,WIRY,SINGLE,MODERATE,OKAY,TIDY_UP,2.8,104
LABRADOR_RETRIEVER,15.27,MEDIUM,WIRY,SINGLE,SEVERE,OKAY,TIDY_UP,12.8,142
LABRADOR_RETRIEVER,18.58,LONG,WAVY,SINGLE,NONE,OKAY,FULL_GROOM_AND_HAND_STRIP,8.3,186
COCKER_SPANIEL,19.45,SHORT,WAVY,DOUBLE,SEVERE,BAD,TIDY_UP,11.8,147
LABRADOR_RETRIEVER,10.79,LONG,SMOOTH,DOUBLE,NONE,BAD,FULL_GROOM_AND_CLIP,3.2,179
COCKER_SPANIEL,18.54,MEDIUM,CURLY,DOUBLE,MODERATE,VERY_GOOD,TIDY_UP,5.2,154
LABRADOR_RETRIEVER,5.73,LONG,SILKY,SINGLE,MILD,OKAY,TIDY_UP,4.9,74
LABRADOR_RETRIEVER,35.7,MEDIUM,SILKY,DOUBLE,SEVERE,BAD,FULL_GROOM_AND_HAND_STRIP,9.6,253
LABRADOR_RETRIEVER,17.45,LONG,SILKY,DOUBLE,NONE,VERY_BAD,FULL_GROOM_AND_HAND_STRIP,5.2,217
LABRADOR_RETRIEVER,24.61,MEDIUM,CURLY,DOUBLE,MODERATE,VERY_GOOD,BATH_AND_DRY,6.2,125
COCKER_SPANIEL,34.31,SHORT,ROUGH,SINGLE,MODERATE,VERY_BAD,FULL_GROOM_AND_HAND_STRIP,2.5,249
LABRADOR_RETRIEVER,22.39,SHORT,WIRY,SINGLE,NONE,OKAY,FULL_GROOM_AND_HAND_STRIP,1.3,183
LABRADOR_RETRIEVER,13.07,SHORT,ROUGH,DOUBLE,SEVERE,BAD,FULL_GROOM_AND_HAND_STRIP,7.9,242
LABRADOR_RETRIEVER,34.55,MEDIUM,WIRY,DOUBLE,MODERATE,VERY_GOOD,BATH_AND_DRY,2.0,124
COCKER_SPANIEL,24.04,MEDIUM,ROUGH,DOUBLE,MODERATE,OKAY,BATH_AND_DRY,8.1,130
LABRADOR_RETRIEVER,17.08,SHORT,CURLY,SINGLE,NONE,VERY_GOOD,FULL_GROOM_AND_HAND_STRIP,5.2,140
LABRADOR_RETRIEVER,21.87,LONG,WIRY,DOUBLE,MODERATE,VERY_BAD,BATH_AND_DRY,12.0,133
LABRADOR_RETRIEVER,8.35,LONG,WIRY,DOUBLE,MILD,BAD,BATH_AND_DRY,12.4,100
COCKER_SPANIEL,11.26,MEDIUM,ROUGH,SINGLE,MODERATE,OKAY,TIDY_UP,6.2,126
LABRADOR_RETRIEVER,5.3,MEDIUM,SILKY,DOUBLE,MODERATE,VERY_GOOD,BATH_AND_DRY,2.8,87
COCKER_SPANIEL,6.93,LONG,SMOOTH,SINGLE,NONE,OKAY,TIDY_UP,1.9,98
COCKER_SPANIEL,6.88,MEDIUM,WAVY,DOUBLE,SEVERE,OKAY,BATH_AND_DRY,15.0,131
LABRADOR_RETRIEVER,28.18,SHORT,CURLY,SINGLE,MILD,VERY_BAD,TIDY_UP,11.6,135
COCKER_SPANIEL,35.93,MEDIUM,WIRY,SINGLE,NONE,BAD,BATH_AND_DRY,11.6,112
LABRADOR_RETRIEVER,10.64,SHORT,WAVY,DOUBLE,NONE,VERY_GOOD,FULL_GROOM_AND_HAND_STRIP,7.1,160
LABRADOR_RETRIEVER,7.19,LONG,SMOOTH,SINGLE,MODERATE,GOOD,TIDY_UP,3.0,93
COCKER_SPANIEL,34.68,SHORT,SMOOTH,SINGLE,SEVERE,OKAY,FULL_GROOM_AND_CLIP,2.5,194
COCKER_SPANIEL,1.35,SHORT,SILKY,DOUBLE,MILD,OKAY,FULL_GROOM_AND_CLIP,3.7,167
LABRADOR_RETRIEVER,4.56,LONG,CURLY,SINGLE,NONE,OKAY,FULL_GROOM_AND_HAND_STRIP,10.5,177
COCKER_SPANIEL,13.35,LONG,ROUGH,DOUBLE,SEVERE,BAD,FULL_GROOM_AND_CLIP,10.3,232
LABRADOR_RETRIEVER,29.25,MEDIUM,SMOOTH,DOUBLE,SEVERE,VERY_GOOD,TIDY_UP,8.1,111
LABRADOR_RETRIEVER,13.62,MEDIUM,CURLY,SINGLE,NONE,VERY_GOOD,FULL_GROOM_AND_HAND_STRIP,6.7,166
LABRADOR_RETRIEVER,22.12,MEDIUM,SMOOTH,DOUBLE,MILD,VERY_BAD,TIDY_UP,11.6,137
LABRADOR_RETRIEVER,8.4,LONG,WIRY,SINGLE,MODERATE,OKAY,BATH_AND_DRY,9.6,124
COCKER_SPANIEL,4.75,LONG,SMOOTH,SINGLE,MILD,BAD,FULL_GROOM_AND_CLIP,3.0,168
LABRADOR_RETRIEVER,26.66,LONG,SILKY,DOUBLE,NONE,OKAY,FULL_GROOM_AND_HAND_STRIP,9.1,201
COCKER_SPANIEL,1.51,SHORT,ROUGH,DOUBLE,NONE,GOOD,FULL_GROOM_AND_CLIP,5.4,144
LABRADOR_RETRIEVER,31.98,SHORT,SILKY,DOUBLE,NONE,VERY_BAD,TIDY_UP,1.2,103
COCKER_SPANIEL,38.46,SHORT,SMOOTH,SINGLE,SEVERE,BAD,FULL_GROOM_AND_HAND_STRIP,7.9,235
COCKER_SPANIEL,22.78,LONG,WIRY,SINGLE,MODERATE,GOOD,BATH_AND_DRY,13.2,136
COCKER_SPANIEL,31.91,LONG,WIRY,DOUBLE,MILD,VERY_GOOD,BATH_AND_DRY,14.0,131
LABRADOR_RETRIEVER,33.95,MEDIUM,ROUGH,DOUBLE,MODERATE,VERY_GOOD,FULL_GROOM_AND_HAND_STRIP,8.4,204
COCKER_SPANIEL,15.63,LONG,ROUGH,DOUBLE,MODERATE,GOOD,BATH_AND_DRY,14.4,129
LABRADOR_RETRIEVER,24.23,LONG,WAVY,DOUBLE,NONE,OKAY,FULL_GROOM_AND_HAND_STRIP,3.2,205
LABRADOR_RETRIEVER,1.85,LONG,CURLY,SINGLE,NONE,VERY_BAD,BATH_AND_DRY,5.3,109
COCKER_SPANIEL,10.09,MEDIUM,SMOOTH,DOUBLE,MILD,VERY_BAD,TIDY_UP,11.9,151
